Timestamp,Emotion
287365223.5238,SAD
287366290.1904,SURPRISE or ANGER
287366423.5238,SHOCK
287366456.8571,SAD
287366590.1904,SURPRISE or ANGER
287366723.5238,SHOCK
287366856.8571,SURPRISE
287366890.1904,DISCOMFORT
287367023.5238,SAD
287367256.8571,SURPRISE or ANGER
287367390.1904,SHOCK
287367523.5238,SURPRISE
287367656.8571,DISCOMFORT
287367690.1904,SAD
287367823.5238,SURPRISE or ANGER
287367956.8571,SHOCK
287368090.1904,SURPRISE
287368223.5238,DISCOMFORT
287368356.8571,SAD
287368490.1904,SURPRISE or ANGER
287368623.5238,SHOCK
287368756.8571,SURPRISE
287368890.1904,DISCOMFORT
287369023.5238,SAD
287369156.8571,SURPRISE or ANGER
287369290.1904,SHOCK
287369423.5238,SURPRISE
287369556.8571,SAD
287369690.1904,SURPRISE or ANGER
287369823.5238,SHOCK
287369956.8571,SAD
287370090.1904,SURPRISE or ANGER
287370223.5238,SHOCK
287370356.8571,SAD
287370490.1904,SURPRISE or ANGER
287370623.5238,SHOCK
287370756.8571,DISCOMFORT
287370890.1904,SAD
287371023.5238,SURPRISE or ANGER
287371156.8571,SHOCK
287371290.1904,SURPRISE
287371423.5238,FEAR
287371556.8571,SURPRISE or ANGER
287371690.1904,SHOCK
287371823.5238,SURPRISE
287372056.8571,DISCOMFORT
287372190.1904,FEAR
287372323.5238,SURPRISE or ANGER
287372456.8571,SHOCK
287372590.1904,SURPRISE
287372723.5238,DISCOMFORT
287372856.8571,NEUTRAL
287372990.1904,SURPRISE or ANGER
287373123.5238,SHOCK
287373256.8571,SURPRISE
287373390.1904,DISCOMFORT
287373623.5238,NEUTRAL
287373756.8571,SURPRISE or ANGER
287373790.1904,SHOCK
287373923.5238,SURPRISE
287374056.8571,HAPPY
287374190.1904,SURPRISE or ANGER
287374223.5238,SHOCK
287374356.8571,DISCOMFORT
287374490.1904,HAPPY
287374723.5238,SURPRISE or ANGER
287374856.8571,SHOCK
287374990.1904,SURPRISE
287375123.5238,DISCOMFORT
287375256.8571,HAPPY
287375390.1904,SURPRISE or ANGER
287375523.5238,SHOCK
287375656.8571,HAPPY
287375790.1904,SURPRISE or ANGER
287375923.5238,SHOCK
287376056.8571,SURPRISE
287376190.1904,HAPPY
287376423.5238,SURPRISE or ANGER
287376556.8571,SHOCK
287376590.1904,SURPRISE
287376823.5238,DISCOMFORT
287376956.8571,HAPPY
287377090.1904,SURPRISE or ANGER
287377223.5238,SHOCK
287377356.8571,SURPRISE
287377490.1904,HAPPY
287377623.5238,SURPRISE or ANGER
287377756.8571,SHOCK
287377890.1904,HAPPY
287378023.5238,SURPRISE or ANGER
287378156.8571,SHOCK
287378290.1904,SURPRISE
287378423.5238,DISCOMFORT
287378556.8571,HAPPY
287378690.1904,SURPRISE or ANGER
287378823.5238,SHOCK
287378956.8571,HAPPY
287379090.1904,SURPRISE or ANGER
287379223.5238,SHOCK
287379356.8571,DISCOMFORT
287379590.1904,SAD
287379723.5238,SURPRISE or ANGER
287379756.8571,SHOCK
287379890.1904,DISCOMFORT
287380123.5238,FEAR
287380256.8571,SURPRISE or ANGER
287380390.1904,SHOCK
287380523.5238,SURPRISE
287380656.8571,DISCOMFORT
287380790.1904,SAD
287380923.5238,SURPRISE or ANGER
287381056.8571,SHOCK
287381190.1904,DISCOMFORT
287381323.5238,SAD
287381456.8571,SURPRISE or ANGER
287381690.1904,SHOCK
287381723.5238,SURPRISE
287381856.8571,DISCOMFORT
287381990.1904,SAD
287382123.5238,SURPRISE or ANGER
287382356.8571,SHOCK
287382490.1904,SAD
287382623.5238,SURPRISE or ANGER
287382756.8571,SHOCK
287382790.1904,SURPRISE
287382923.5238,SAD
287382956.8571,SURPRISE or ANGER
287383190.1904,SHOCK
287383323.5238,SURPRISE
287383356.8571,SAD
287383490.1904,SURPRISE or ANGER
287383623.5238,SHOCK
287383756.8571,DISCOMFORT
287383890.1904,SAD
287384023.5238,SURPRISE or ANGER
287384156.8571,SHOCK
287384290.1904,SURPRISE
287384423.5238,DISCOMFORT
287384556.8571,SAD
287384690.1904,SURPRISE or ANGER
287384823.5238,SHOCK
287384956.8571,DISCOMFORT
287384990.1904,SAD
287385123.5238,SURPRISE or ANGER
287385256.8571,SHOCK
287385390.1904,SAD
287385523.5238,SURPRISE or ANGER
287385656.8571,SHOCK
287385690.1904,SAD
287385923.5238,SURPRISE or ANGER
287386056.8571,SHOCK
287386190.1904,DISCOMFORT
287386323.5238,SAD
287386456.8571,SURPRISE or ANGER
287386590.1904,SHOCK
287386723.5238,SAD
287386856.8571,SURPRISE or ANGER
287386890.1904,SHOCK
287387023.5238,SURPRISE
287387156.8571,FEAR
287387290.1904,SURPRISE or ANGER
287387423.5238,SHOCK
287387456.8571,DISCOMFORT
287387590.1904,HAPPY
287387723.5238,SURPRISE or ANGER
287387856.8571,SHOCK
287387890.1904,DISCOMFORT
287388023.5238,HAPPY
287388156.8571,SURPRISE or ANGER
287388290.1904,SHOCK
287388423.5238,DISCOMFORT
287388556.8571,HAPPY
287388690.1904,SURPRISE or ANGER
287388823.5238,SHOCK
287388956.8571,SURPRISE
287389090.1904,DISCOMFORT
287389323.5238,NEUTRAL
287389456.8571,SURPRISE or ANGER
287389590.1904,SHOCK
287389823.5238,SURPRISE
287389956.8571,DISCOMFORT
287390090.1904,NEUTRAL
287390223.5238,SURPRISE or ANGER
287390356.8571,SHOCK
287390490.1904,DISCOMFORT
287390723.5238,NEUTRAL
287390756.8571,SURPRISE or ANGER
287390890.1904,SHOCK
287391023.5238,DISCOMFORT
287391156.8571,SAD
287391290.1904,SURPRISE or ANGER
287391423.5238,SHOCK
287391556.8571,DISCOMFORT
287391690.1904,NEUTRAL
287391823.5238,SURPRISE or ANGER
287391956.8571,SHOCK
287392090.1904,DISCOMFORT
287392223.5238,NEUTRAL
287392356.8571,SURPRISE or ANGER
287392490.1904,SHOCK
287392623.5238,NEUTRAL
287392856.8571,SURPRISE or ANGER
287392890.1904,SHOCK
287393123.5238,SURPRISE
287393256.8571,NEUTRAL
287393390.1904,SURPRISE or ANGER
287393523.5238,SHOCK
287393656.8571,SURPRISE
287393790.1904,NEUTRAL
287393923.5238,SURPRISE or ANGER
287394056.8571,SHOCK
287394190.1904,NEUTRAL
287394423.5238,SURPRISE or ANGER
287394556.8571,SHOCK
287394590.1904,DISCOMFORT
287394723.5238,NEUTRAL
287394956.8571,SURPRISE or ANGER
287395090.1904,SHOCK
287395223.5238,DISCOMFORT
287395356.8571,NEUTRAL
287395390.1904,SURPRISE or ANGER
287395623.5238,SHOCK
287395756.8571,NEUTRAL
287395890.1904,SURPRISE or ANGER
287396023.5238,SHOCK
287396156.8571,SURPRISE
287396290.1904,NEUTRAL
287396423.5238,SURPRISE or ANGER
287396556.8571,SHOCK
287396690.1904,SURPRISE
287396823.5238,NEUTRAL
287396956.8571,SURPRISE or ANGER
287397090.1904,SHOCK
287397223.5238,NEUTRAL
287397356.8571,SURPRISE or ANGER
287397490.1904,SHOCK
287397623.5238,NEUTRAL
287397756.8571,SURPRISE or ANGER
287397890.1904,SHOCK
287398023.5238,SAD
287398156.8571,SURPRISE or ANGER
287398290.1904,SHOCK
287398423.5238,SURPRISE
287398556.8571,SAD
287398690.1904,SURPRISE or ANGER
287398823.5238,SHOCK
287398956.8571,SURPRISE
287399090.1904,DISCOMFORT
287399323.5238,SAD
287399356.8571,SURPRISE or ANGER
287399490.1904,SHOCK
287399623.5238,DISCOMFORT
287399756.8571,SAD
287399890.1904,SURPRISE or ANGER
287400023.5238,SHOCK
287400156.8571,SURPRISE
287400290.1904,NEUTRAL
287400423.5238,SURPRISE or ANGER
287400556.8571,SHOCK
287400690.1904,NEUTRAL
287400823.5238,SURPRISE or ANGER
287400956.8571,SHOCK
287401090.1904,NEUTRAL
287401223.5238,SURPRISE or ANGER
287401356.8571,SHOCK
287401490.1904,SURPRISE
287401623.5238,NEUTRAL
287401756.8571,SURPRISE or ANGER
287401890.1904,SHOCK
287402023.5238,SURPRISE
287402156.8571,NEUTRAL
287402290.1904,SURPRISE or ANGER
287402423.5238,SHOCK
287402556.8571,NEUTRAL
287402690.1904,SURPRISE or ANGER
287402823.5238,SHOCK
287402956.8571,DISCOMFORT
287403090.1904,NEUTRAL
287403223.5238,SURPRISE or ANGER
287403356.8571,SHOCK
287403490.1904,SAD
287403623.5238,SURPRISE or ANGER
287403756.8571,SHOCK
287403890.1904,DISCOMFORT
287404023.5238,NEUTRAL
287404156.8571,SURPRISE or ANGER
287404290.1904,SHOCK
287404523.5238,DISCOMFORT
287404656.8571,NEUTRAL
287404790.1904,SURPRISE or ANGER
287404923.5238,SHOCK
287405056.8571,SAD
287405290.1904,SURPRISE or ANGER
287405423.5238,SHOCK
287405556.8571,DISCOMFORT
287405690.1904,NEUTRAL
287405823.5238,SURPRISE or ANGER
287405956.8571,SHOCK
287406090.1904,SURPRISE
287406223.5238,NEUTRAL
287406356.8571,SURPRISE or ANGER
287406490.1904,SHOCK
287406623.5238,SURPRISE
287406756.8571,NEUTRAL
287406890.1904,SURPRISE or ANGER
287407023.5238,SHOCK
287407056.8571,NEUTRAL
287407090.1904,SURPRISE or ANGER
287407223.5238,SHOCK
287407356.8571,NEUTRAL
287407490.1904,SURPRISE or ANGER
287407523.5238,SHOCK
287407656.8571,NEUTRAL
287407690.1904,SURPRISE or ANGER
287407823.5238,SHOCK
287407956.8571,DISCOMFORT
287408090.1904,NEUTRAL
287408223.5238,SURPRISE or ANGER
287408356.8571,SHOCK
287408590.1904,DISCOMFORT
287408623.5238,NEUTRAL
287408756.8571,SURPRISE or ANGER
287408890.1904,SHOCK
287409023.5238,NEUTRAL
287409156.8571,SURPRISE or ANGER
287409390.1904,SHOCK
287409523.5238,NEUTRAL
287409656.8571,SURPRISE or ANGER
287409790.1904,SHOCK
287410023.5238,SAD
287410156.8571,SURPRISE or ANGER
287410290.1904,SHOCK
287410423.5238,SAD
287410556.8571,SURPRISE or ANGER
287410690.1904,SHOCK
287410823.5238,NEUTRAL
287410956.8571,SURPRISE or ANGER
287411190.1904,SHOCK
287411323.5238,SAD
287411456.8571,SURPRISE or ANGER
287411690.1904,SHOCK
287411823.5238,DISCOMFORT
287411956.8571,SAD
287412090.1904,SURPRISE or ANGER
287412223.5238,SHOCK
287412256.8571,SAD
287412390.1904,SURPRISE or ANGER
287412423.5238,SHOCK
287412556.8571,DISCOMFORT
287412690.1904,SAD
287412723.5238,SURPRISE or ANGER
287412856.8571,SHOCK
287412890.1904,DISCOMFORT
287413023.5238,SAD
287413156.8571,SURPRISE or ANGER
287413290.1904,SHOCK
287413323.5238,DISCOMFORT
287413456.8571,SAD
287413490.1904,SURPRISE or ANGER
287413623.5238,SHOCK
287413756.8571,SURPRISE
287413890.1904,DISCOMFORT
287413923.5238,SAD
287414056.8571,SURPRISE or ANGER
287414090.1904,SHOCK
287414223.5238,SURPRISE
287414356.8571,SAD
287414490.1904,SURPRISE or ANGER
287414523.5238,SHOCK
287414556.8571,DISCOMFORT
287414690.1904,SAD
287414823.5238,SURPRISE or ANGER
287414956.8571,SHOCK
287415090.1904,SURPRISE
287415223.5238,DISCOMFORT
287415356.8571,SAD
287415490.1904,SURPRISE or ANGER
287415623.5238,SHOCK
287415756.8571,DISCOMFORT
287415890.1904,SAD
287416023.5238,SURPRISE or ANGER
287416156.8571,SHOCK
287416290.1904,SURPRISE
287416423.5238,DISCOMFORT
287416556.8571,SAD
287416790.1904,SURPRISE or ANGER
287416823.5238,SHOCK
287416956.8571,DISCOMFORT
287417090.1904,SAD
287417223.5238,SURPRISE or ANGER
287417356.8571,SHOCK
287417590.1904,DISCOMFORT
287417723.5238,SAD
287417856.8571,SURPRISE or ANGER
287417890.1904,SHOCK
287418023.5238,SAD
287418156.8571,SURPRISE or ANGER
287418290.1904,SHOCK
287418423.5238,SAD
287418656.8571,SURPRISE or ANGER
287418790.1904,SHOCK
287418923.5238,SAD
287419056.8571,SURPRISE or ANGER
287419290.1904,SHOCK
287419423.5238,SURPRISE
287419556.8571,SAD
287419690.1904,SURPRISE or ANGER
287419823.5238,SHOCK
287419956.8571,DISCOMFORT
287420190.1904,SAD
287420323.5238,SURPRISE or ANGER
287420456.8571,SHOCK
287420690.1904,DISCOMFORT
287420823.5238,SAD
287420956.8571,SURPRISE or ANGER
287421090.1904,SHOCK
287421223.5238,SURPRISE
287421456.8571,DISCOMFORT
287421490.1904,SAD
287421623.5238,SURPRISE or ANGER
287421756.8571,SHOCK
287421890.1904,DISCOMFORT
287421923.5238,SAD
287422056.8571,SURPRISE or ANGER
287422190.1904,SHOCK
287422323.5238,DISCOMFORT
287422456.8571,SAD
287422590.1904,SURPRISE or ANGER
287422823.5238,SHOCK
287422956.8571,DISCOMFORT
287423090.1904,SAD
287423223.5238,SURPRISE or ANGER
287423356.8571,SHOCK
287423590.1904,SURPRISE
287423723.5238,DISCOMFORT
287423956.8571,SAD
287424090.1904,SURPRISE or ANGER
287424223.5238,SHOCK
287424256.8571,DISCOMFORT
287424390.1904,SAD
287424523.5238,SURPRISE or ANGER
287424556.8571,SHOCK
287424690.1904,DISCOMFORT
287424823.5238,SAD
287424956.8571,SURPRISE or ANGER
287424990.1904,SHOCK
287425223.5238,SURPRISE
287425256.8571,SAD
287425290.1904,SURPRISE or ANGER
287425423.5238,SHOCK
287425556.8571,SURPRISE
287425690.1904,SAD
287425823.5238,SURPRISE or ANGER
287425856.8571,SHOCK
287425990.1904,SAD
287426123.5238,SURPRISE or ANGER
287426256.8571,SHOCK
287426390.1904,DISCOMFORT
287426523.5238,SAD
287426656.8571,SURPRISE or ANGER
287426690.1904,SHOCK
287426823.5238,SURPRISE
287426956.8571,DISCOMFORT
287427090.1904,SAD
287427223.5238,SURPRISE or ANGER
287427356.8571,SHOCK
287427390.1904,SURPRISE
287427523.5238,SAD
287427556.8571,SURPRISE or ANGER
287427690.1904,SHOCK
287427823.5238,DISCOMFORT
287427956.8571,SAD
287427990.1904,SURPRISE or ANGER
287428123.5238,SHOCK
287428156.8571,DISCOMFORT
287428290.1904,SAD
287428423.5238,SURPRISE or ANGER
287428556.8571,SHOCK
287428690.1904,SURPRISE
287428823.5238,SAD
287428856.8571,SURPRISE or ANGER
287428990.1904,SHOCK
287429123.5238,SURPRISE
287429256.8571,SAD
287429490.1904,SURPRISE or ANGER
287429623.5238,SHOCK
287429756.8571,SURPRISE
287429790.1904,SAD
287429923.5238,SURPRISE or ANGER
287430056.8571,SHOCK
287430090.1904,SURPRISE
287430223.5238,DISCOMFORT
287430356.8571,SAD
287430390.1904,SURPRISE or ANGER
287430423.5238,SHOCK
287430556.8571,DISCOMFORT
287430790.1904,SAD
287430823.5238,SURPRISE or ANGER
287430956.8571,SHOCK
287431090.1904,SURPRISE
287431223.5238,DISCOMFORT
287431356.8571,SAD
287431490.1904,SURPRISE or ANGER
287431623.5238,SHOCK
287431756.8571,SAD
287431890.1904,SURPRISE or ANGER
287432023.5238,SHOCK
287432156.8571,SURPRISE
287432290.1904,SAD
287432423.5238,SURPRISE or ANGER
287432556.8571,SHOCK
287432690.1904,SURPRISE
287432823.5238,FEAR
287433056.8571,SURPRISE or ANGER
287433090.1904,SHOCK
287433223.5238,SURPRISE
287433456.8571,DISCOMFORT
287433590.1904,SAD
287433723.5238,SURPRISE or ANGER
287433856.8571,SHOCK
287433990.1904,SURPRISE
287434123.5238,DISCOMFORT
287434256.8571,SAD
287434390.1904,SURPRISE or ANGER
287434423.5238,SHOCK
287434556.8571,SAD
287434790.1904,SURPRISE or ANGER
287434923.5238,SHOCK
287435056.8571,SURPRISE
287435190.1904,SAD
287435223.5238,SURPRISE or ANGER
287435356.8571,SHOCK
287435490.1904,SURPRISE
287435623.5238,SAD
287435756.8571,SURPRISE or ANGER
287435890.1904,SHOCK
287436023.5238,SURPRISE
287436156.8571,SAD
287436290.1904,SURPRISE or ANGER
287436423.5238,SHOCK
287436656.8571,FEAR
287436890.1904,SURPRISE or ANGER
287437023.5238,SHOCK
287437156.8571,SURPRISE
287437190.1904,SAD
287437323.5238,SURPRISE or ANGER
287437456.8571,SHOCK
287437590.1904,DISCOMFORT
287437723.5238,SAD
287437856.8571,SURPRISE or ANGER
287438090.1904,SHOCK
287438123.5238,SURPRISE
287438256.8571,FEAR
287438390.1904,SURPRISE or ANGER
287438523.5238,SHOCK
287438656.8571,SURPRISE
287438790.1904,FEAR
287438923.5238,SURPRISE or ANGER
287439056.8571,SHOCK
287439190.1904,DISCOMFORT
287439323.5238,NEUTRAL
287439556.8571,SURPRISE or ANGER
287439690.1904,SHOCK
287439823.5238,FEAR
287439956.8571,SURPRISE or ANGER
287440090.1904,SHOCK
287440323.5238,SURPRISE
287440456.8571,DISCOMFORT
287440590.1904,NEUTRAL
287440723.5238,SURPRISE or ANGER
287440956.8571,SHOCK
287441090.1904,SURPRISE
287441223.5238,DISCOMFORT
287441356.8571,SURPRISE
287441490.1904,SURPRISE or ANGER
287441623.5238,SHOCK
287441856.8571,DISCOMFORT
287441990.1904,SURPRISE
287442223.5238,SURPRISE or ANGER
287442356.8571,SHOCK
287442490.1904,SURPRISE
287442623.5238,DISCOMFORT
287442756.8571,SURPRISE
287442990.1904,SURPRISE or ANGER
287443123.5238,SHOCK
287443256.8571,DISCOMFORT
287443390.1904,SURPRISE
287443623.5238,SURPRISE or ANGER
287443756.8571,SHOCK
287443890.1904,SURPRISE
287444023.5238,DISCOMFORT
287444156.8571,SAD
287444390.1904,SURPRISE or ANGER
287444523.5238,SHOCK
287444656.8571,SURPRISE
287444790.1904,DISCOMFORT
287445023.5238,SAD
287445156.8571,SURPRISE or ANGER
287445290.1904,SHOCK
287445423.5238,SURPRISE
287445556.8571,SURPRISE
287445690.1904,SURPRISE or ANGER
287445923.5238,SHOCK
287446056.8571,SURPRISE
287446190.1904,DISCOMFORT
287446423.5238,SURPRISE
287446556.8571,SURPRISE or ANGER
287446690.1904,SHOCK
287446823.5238,SURPRISE
287446856.8571,DISCOMFORT
287446990.1904,SURPRISE
287447223.5238,SURPRISE or ANGER
287447256.8571,SHOCK
287447490.1904,DISCOMFORT
287447523.5238,SURPRISE
287447656.8571,SURPRISE or ANGER
287447890.1904,SHOCK
287448023.5238,SURPRISE
287448156.8571,DISCOMFORT
287448290.1904,FEAR
287448423.5238,SURPRISE or ANGER
287448556.8571,SHOCK
287448690.1904,SURPRISE
287448723.5238,DISCOMFORT
287448956.8571,FEAR
287448990.1904,SURPRISE or ANGER
287449223.5238,SHOCK
287449356.8571,SURPRISE
287449490.1904,DISCOMFORT
287449623.5238,FEAR
287449756.8571,SURPRISE or ANGER
287449890.1904,SHOCK
287450023.5238,SURPRISE
287450156.8571,DISCOMFORT
287450290.1904,SAD
287450423.5238,SURPRISE or ANGER
287450556.8571,SHOCK
287450690.1904,SURPRISE
287450823.5238,DISCOMFORT
287450956.8571,FEAR
287451090.1904,SURPRISE or ANGER
287451223.5238,SHOCK
287451356.8571,SURPRISE
287451490.1904,DISCOMFORT
287451623.5238,FEAR
287451756.8571,SURPRISE or ANGER
287451890.1904,SHOCK
287452023.5238,SURPRISE
287452156.8571,DISCOMFORT
287452290.1904,FEAR
287452423.5238,SURPRISE or ANGER
287452556.8571,SHOCK
287452690.1904,SURPRISE
287452923.5238,DISCOMFORT
287453056.8571,NEUTRAL
287453090.1904,SURPRISE or ANGER
287453223.5238,SHOCK
287453356.8571,SURPRISE
287453490.1904,DISCOMFORT
287453623.5238,SAD
287453756.8571,SURPRISE or ANGER
287453890.1904,SHOCK
287454023.5238,SURPRISE
287454156.8571,DISCOMFORT
287454290.1904,FEAR
287454423.5238,SURPRISE or ANGER
287454556.8571,SHOCK
287454690.1904,SURPRISE
287454823.5238,DISCOMFORT
287454956.8571,FEAR
287454990.1904,SURPRISE or ANGER
287455123.5238,SHOCK
287455256.8571,DISCOMFORT
287455390.1904,NEUTRAL
287455523.5238,SURPRISE or ANGER
287455756.8571,SHOCK
287455890.1904,SURPRISE
287456023.5238,SAD
287456156.8571,SURPRISE or ANGER
287456290.1904,SHOCK
287456323.5238,SURPRISE
287456456.8571,DISCOMFORT
287456690.1904,FEAR
287456823.5238,SURPRISE or ANGER
287456956.8571,SHOCK
287457090.1904,SURPRISE
287457223.5238,FEAR
287457356.8571,SURPRISE or ANGER
287457490.1904,SHOCK
287457623.5238,NEUTRAL
287457756.8571,SURPRISE or ANGER
287457890.1904,SHOCK
287458023.5238,SURPRISE
287458156.8571,FEAR
287458290.1904,SURPRISE or ANGER
287458423.5238,SHOCK
287458556.8571,SURPRISE
287458690.1904,DISCOMFORT
287458823.5238,SURPRISE
287458956.8571,SURPRISE or ANGER
287459090.1904,SHOCK
287459223.5238,SURPRISE
287459356.8571,DISCOMFORT
287459490.1904,SURPRISE
287459623.5238,SURPRISE or ANGER
287459756.8571,SHOCK
287459890.1904,SURPRISE
287460023.5238,DISCOMFORT
287460156.8571,SURPRISE
287460290.1904,SURPRISE or ANGER
287460423.5238,SHOCK
287460556.8571,DISCOMFORT
287460690.1904,SURPRISE
287460823.5238,SURPRISE or ANGER
287460956.8571,SHOCK
287461090.1904,SURPRISE
287461223.5238,DISCOMFORT
287461356.8571,SURPRISE
287461490.1904,SURPRISE or ANGER
287461623.5238,SHOCK
287461756.8571,SURPRISE
287461890.1904,DISCOMFORT
287462023.5238,SURPRISE
287462156.8571,SURPRISE or ANGER
287462290.1904,SHOCK
287462423.5238,SURPRISE
287462556.8571,SURPRISE
287462690.1904,SURPRISE or ANGER
287462823.5238,SHOCK
287462956.8571,SURPRISE
287463090.1904,DISCOMFORT
287463223.5238,SURPRISE
287463356.8571,SURPRISE or ANGER
287463490.1904,SHOCK
287463723.5238,SURPRISE
287463856.8571,DISCOMFORT
287463990.1904,SURPRISE
287464123.5238,SURPRISE or ANGER
287464256.8571,SHOCK
287464390.1904,SURPRISE
287464523.5238,DISCOMFORT
287464656.8571,SURPRISE
287464790.1904,SURPRISE or ANGER
287465023.5238,SHOCK
287465156.8571,SURPRISE
287465190.1904,SURPRISE or ANGER
287465223.5238,SHOCK
287465356.8571,SURPRISE
287465490.1904,SURPRISE or ANGER
287465623.5238,SHOCK
287465756.8571,DISCOMFORT
287465890.1904,SAD
287466023.5238,SURPRISE or ANGER
287466156.8571,SHOCK
287466290.1904,SURPRISE
287466423.5238,DISCOMFORT
287466556.8571,SAD
287466690.1904,SURPRISE or ANGER
287466823.5238,SHOCK
287466956.8571,SURPRISE
287467090.1904,DISCOMFORT
287467223.5238,SAD
287467356.8571,SURPRISE or ANGER
287467490.1904,SHOCK
287467723.5238,DISCOMFORT
287467856.8571,SAD
287467990.1904,SURPRISE or ANGER
287468123.5238,SHOCK
287468256.8571,SURPRISE
287468390.1904,SAD
287468523.5238,SURPRISE or ANGER
287468656.8571,SHOCK
287468690.1904,SAD
287468823.5238,SURPRISE or ANGER
287468956.8571,SHOCK
287469090.1904,SAD
287469223.5238,SURPRISE or ANGER
287469356.8571,SHOCK
287469490.1904,SURPRISE
287469523.5238,SAD
287469656.8571,SURPRISE or ANGER
287469690.1904,SHOCK
287469823.5238,SAD
287469956.8571,SURPRISE or ANGER
287470090.1904,SHOCK
287470223.5238,SAD
287470356.8571,SURPRISE or ANGER
287470490.1904,SHOCK
287470623.5238,SAD
287470756.8571,SURPRISE or ANGER
287470890.1904,SHOCK
287471023.5238,SAD
287471156.8571,SURPRISE or ANGER
287471290.1904,SHOCK
287471423.5238,SAD
287471556.8571,SURPRISE or ANGER
287471690.1904,SHOCK
287471723.5238,DISCOMFORT
287471756.8571,SAD
287471890.1904,SURPRISE or ANGER
287472023.5238,SHOCK
287472056.8571,SURPRISE
287472290.1904,DISCOMFORT
287472423.5238,SAD
287472556.8571,SURPRISE or ANGER
287472690.1904,SHOCK
287472823.5238,DISCOMFORT
287472956.8571,SAD
287473090.1904,SURPRISE or ANGER
287473223.5238,SHOCK
287473356.8571,SURPRISE
287473490.1904,SAD
287473623.5238,SURPRISE or ANGER
287473756.8571,SHOCK
287473890.1904,SURPRISE
287474023.5238,SAD
287474056.8571,SURPRISE or ANGER
287474290.1904,SHOCK
287474323.5238,SURPRISE
287474456.8571,SAD
287474690.1904,SURPRISE or ANGER
287474723.5238,SHOCK
287474856.8571,SURPRISE
287474990.1904,DISCOMFORT
287475123.5238,SAD
287475156.8571,SURPRISE or ANGER
287475290.1904,SHOCK
287475423.5238,SURPRISE
287475456.8571,DISCOMFORT
287475590.1904,SAD
287475623.5238,SURPRISE or ANGER
287475756.8571,SHOCK
287475890.1904,DISCOMFORT
287476023.5238,SAD
287476156.8571,SURPRISE or ANGER
287476290.1904,SHOCK
287476423.5238,SURPRISE
287476556.8571,SAD
287476690.1904,SURPRISE or ANGER
287476823.5238,SHOCK
287476856.8571,SURPRISE
287476890.1904,DISCOMFORT
287477023.5238,SAD
287477156.8571,SURPRISE or ANGER
287477190.1904,SHOCK
287477223.5238,DISCOMFORT
287477356.8571,SAD
287477490.1904,SURPRISE or ANGER
287477523.5238,SHOCK
287477556.8571,DISCOMFORT
287477690.1904,SAD
287477823.5238,SURPRISE or ANGER
287477856.8571,SHOCK
287477890.1904,DISCOMFORT
287478023.5238,SAD
287478156.8571,SURPRISE or ANGER
287478290.1904,SHOCK
287478423.5238,DISCOMFORT
287478556.8571,SAD
287478690.1904,SURPRISE or ANGER
287478823.5238,SHOCK
287478956.8571,SAD
287479090.1904,SURPRISE or ANGER
287479223.5238,SHOCK
287479356.8571,SAD
287479490.1904,SURPRISE or ANGER
287479623.5238,SHOCK
287479756.8571,SURPRISE
287479890.1904,DISCOMFORT
287480023.5238,SAD
287480156.8571,SURPRISE or ANGER
287480290.1904,SHOCK
287480423.5238,SURPRISE
287480556.8571,DISCOMFORT
287480690.1904,SAD
287480823.5238,SURPRISE or ANGER
287480956.8571,SHOCK
287481090.1904,DISCOMFORT
287481223.5238,SAD
287481356.8571,SURPRISE or ANGER
287481490.1904,SHOCK
287481723.5238,DISCOMFORT
287481856.8571,SAD
287481990.1904,SURPRISE or ANGER
287482123.5238,SHOCK
287482256.8571,SURPRISE
287482390.1904,SAD
287482523.5238,SURPRISE or ANGER
287482656.8571,SHOCK
287482790.1904,DISCOMFORT
287482823.5238,SURPRISE
287482956.8571,SURPRISE or ANGER
287483090.1904,SHOCK
287483223.5238,SURPRISE
287483356.8571,DISCOMFORT
287483490.1904,SURPRISE
287483623.5238,SURPRISE or ANGER
287483756.8571,SHOCK
287483890.1904,SURPRISE
287484023.5238,DISCOMFORT
287484156.8571,SURPRISE
287484290.1904,SURPRISE or ANGER
287484323.5238,SHOCK
287484456.8571,DISCOMFORT
287484490.1904,SURPRISE
287484623.5238,SURPRISE or ANGER
287484756.8571,SHOCK
287484890.1904,DISCOMFORT
287484923.5238,SURPRISE
287485056.8571,SURPRISE or ANGER
287485090.1904,SHOCK
287485223.5238,SURPRISE
287485356.8571,SURPRISE
287485490.1904,SURPRISE or ANGER
287485523.5238,SHOCK
287485556.8571,SURPRISE
287485690.1904,DISCOMFORT
287485823.5238,SAD
287485856.8571,SURPRISE or ANGER
287485990.1904,SHOCK
287486023.5238,SURPRISE
287486156.8571,DISCOMFORT
287486290.1904,SURPRISE
287486323.5238,SURPRISE or ANGER
287486356.8571,SHOCK
287486490.1904,SURPRISE
287486623.5238,SURPRISE
287486656.8571,SURPRISE or ANGER
287486790.1904,SHOCK
287486823.5238,SURPRISE
287486956.8571,DISCOMFORT
287487090.1904,SURPRISE
287487223.5238,SURPRISE or ANGER
287487356.8571,SHOCK
287487490.1904,SURPRISE
287487623.5238,DISCOMFORT
287487756.8571,SURPRISE
287487890.1904,SURPRISE or ANGER
287487923.5238,SHOCK
287488056.8571,DISCOMFORT
287488090.1904,SAD
287488223.5238,SURPRISE or ANGER
287488356.8571,SHOCK
287488390.1904,SURPRISE
287488523.5238,DISCOMFORT
287488556.8571,SAD
287488690.1904,SURPRISE or ANGER
287488823.5238,SHOCK
287488956.8571,SURPRISE
287489090.1904,DISCOMFORT
287489123.5238,SURPRISE
287489156.8571,SURPRISE or ANGER
287489290.1904,SHOCK
287489423.5238,DISCOMFORT
287489456.8571,SURPRISE
287489590.1904,SURPRISE or ANGER
287489623.5238,SHOCK
287489756.8571,DISCOMFORT
287489890.1904,SURPRISE
287489923.5238,SURPRISE or ANGER
287490056.8571,SHOCK
287490090.1904,DISCOMFORT
287490223.5238,SURPRISE
287490356.8571,SURPRISE or ANGER
287490390.1904,SHOCK
287490523.5238,DISCOMFORT
287490656.8571,SURPRISE
287490690.1904,SURPRISE or ANGER
287490823.5238,SHOCK
287490956.8571,DISCOMFORT
287491090.1904,SAD
287491123.5238,SURPRISE or ANGER
287491256.8571,SHOCK
287491290.1904,DISCOMFORT
287491423.5238,SAD
287491556.8571,SURPRISE or ANGER
287491690.1904,SHOCK
287491823.5238,SURPRISE
287491856.8571,DISCOMFORT
287491990.1904,SAD
287492123.5238,SURPRISE or ANGER
287492256.8571,SHOCK
287492390.1904,SURPRISE
287492523.5238,DISCOMFORT
287492656.8571,SAD
287492690.1904,SURPRISE or ANGER
287492923.5238,SHOCK
287492956.8571,SURPRISE
287493090.1904,SAD
287493223.5238,SURPRISE or ANGER
287493256.8571,SHOCK
287493390.1904,SAD
287493423.5238,SURPRISE or ANGER
287493556.8571,SHOCK
287493690.1904,SAD
287493823.5238,SURPRISE or ANGER
287493856.8571,SHOCK
287493990.1904,SAD
287494123.5238,SURPRISE or ANGER
287494156.8571,SHOCK
287494290.1904,SURPRISE
287494423.5238,DISCOMFORT
287494556.8571,SAD
287494690.1904,SURPRISE or ANGER
287494823.5238,SHOCK
287494956.8571,SURPRISE
287495090.1904,DISCOMFORT
287495223.5238,SAD
287495356.8571,SURPRISE or ANGER
287495490.1904,SHOCK
287495623.5238,DISCOMFORT
287495756.8571,SAD
287495990.1904,SURPRISE or ANGER
287496023.5238,SHOCK
287496156.8571,DISCOMFORT
287496290.1904,SAD
287496323.5238,SURPRISE or ANGER
287496456.8571,SHOCK
287496490.1904,DISCOMFORT
287496623.5238,SAD
287496756.8571,SURPRISE or ANGER
287496890.1904,SHOCK
287496923.5238,DISCOMFORT
287496956.8571,SAD
287497090.1904,SURPRISE or ANGER
287497223.5238,SHOCK
287497356.8571,SURPRISE
287497390.1904,DISCOMFORT
287497523.5238,SAD
287497556.8571,SURPRISE or ANGER
287497690.1904,SHOCK
287497823.5238,SURPRISE
287497956.8571,DISCOMFORT
287497990.1904,SAD
287498123.5238,SURPRISE or ANGER
287498156.8571,SHOCK
287498290.1904,DISCOMFORT
287498423.5238,SURPRISE
287498556.8571,SURPRISE or ANGER
287498590.1904,SHOCK
287498723.5238,SURPRISE
287498856.8571,SAD
287498990.1904,SURPRISE or ANGER
287499123.5238,SHOCK
287499256.8571,SURPRISE
287499390.1904,DISCOMFORT
287499423.5238,NEUTRAL
287499556.8571,SURPRISE or ANGER
287499690.1904,SHOCK
287499823.5238,SURPRISE
287499956.8571,DISCOMFORT
287499990.1904,SAD
287500123.5238,SURPRISE or ANGER
287500156.8571,SHOCK
287500290.1904,SURPRISE
287500423.5238,DISCOMFORT
287500556.8571,ANGRY
287500690.1904,SURPRISE or ANGER
287500823.5238,SHOCK
287500956.8571,SURPRISE
287501090.1904,NEUTRAL
287501223.5238,SURPRISE or ANGER
287501356.8571,SHOCK
287501490.1904,SURPRISE
287501623.5238,DISCOMFORT
287501756.8571,SAD
287501890.1904,SURPRISE or ANGER
287502023.5238,SHOCK
287502156.8571,SURPRISE
287502390.1904,DISCOMFORT
287502523.5238,SAD
287502656.8571,SURPRISE or ANGER
287502790.1904,SHOCK
287502923.5238,SURPRISE
287503056.8571,DISCOMFORT
287503190.1904,SAD
287503323.5238,SURPRISE or ANGER
287503456.8571,SHOCK
287503690.1904,DISCOMFORT
287503823.5238,SAD
287503956.8571,SURPRISE or ANGER
287504090.1904,SHOCK
287504223.5238,DISCOMFORT
287504356.8571,SAD
287504490.1904,SURPRISE or ANGER
287504623.5238,SHOCK
287504756.8571,SAD
287504890.1904,SURPRISE or ANGER
287505023.5238,SHOCK
287505156.8571,SURPRISE
287505290.1904,SAD
287505523.5238,SURPRISE or ANGER
287505656.8571,SHOCK
287505790.1904,SURPRISE
287506023.5238,DISCOMFORT
287506156.8571,SAD
287506290.1904,SURPRISE or ANGER
287506423.5238,SHOCK
287506556.8571,DISCOMFORT
287506690.1904,FEAR
287506823.5238,SURPRISE or ANGER
287506956.8571,SHOCK
287507090.1904,DISCOMFORT
287507223.5238,SAD
287507356.8571,SURPRISE or ANGER
287507590.1904,SHOCK
287507723.5238,SURPRISE
287507856.8571,DISCOMFORT
287507890.1904,SAD
287508023.5238,SURPRISE or ANGER
287508156.8571,SHOCK
287508190.1904,SURPRISE
287508223.5238,DISCOMFORT
287508356.8571,FEAR
287508490.1904,SURPRISE or ANGER
287508523.5238,SHOCK
287508556.8571,DISCOMFORT
287508690.1904,FEAR
287508823.5238,SURPRISE or ANGER
287508956.8571,SHOCK
287508990.1904,SURPRISE
287509023.5238,DISCOMFORT
287509156.8571,FEAR
287509290.1904,SURPRISE or ANGER
287509423.5238,SHOCK
287509556.8571,SURPRISE
287509690.1904,DISCOMFORT
287509823.5238,SAD
287509956.8571,SURPRISE or ANGER
287510190.1904,SHOCK
287510323.5238,SURPRISE
287510456.8571,DISCOMFORT
287510690.1904,SAD
287510823.5238,SURPRISE or ANGER
287510956.8571,SHOCK
287511090.1904,SURPRISE
287511223.5238,SURPRISE
287511456.8571,SURPRISE or ANGER
287511490.1904,SHOCK
287511623.5238,SURPRISE
287511856.8571,DISCOMFORT
287511890.1904,SURPRISE
287512023.5238,SURPRISE or ANGER
287512256.8571,SHOCK
287512290.1904,DISCOMFORT
287512423.5238,SAD
287512656.8571,SURPRISE or ANGER
287512790.1904,SHOCK
287512923.5238,SURPRISE
287513056.8571,FEAR
287513290.1904,SURPRISE or ANGER
287513423.5238,SHOCK
287513556.8571,DISCOMFORT
287513690.1904,SAD
287513823.5238,SURPRISE or ANGER
287513956.8571,SHOCK
287514090.1904,FEAR
287514223.5238,SURPRISE or ANGER
287514356.8571,SHOCK
287514490.1904,SURPRISE
287514623.5238,SAD
287514756.8571,SURPRISE or ANGER
287514990.1904,SHOCK
287515123.5238,FEAR
287515256.8571,SURPRISE or ANGER
287515390.1904,SHOCK
287515523.5238,SURPRISE
287515756.8571,SURPRISE
287515890.1904,SURPRISE or ANGER
287516023.5238,SHOCK
287516156.8571,SURPRISE
287516290.1904,DISCOMFORT
287516423.5238,SAD
287516656.8571,SURPRISE or ANGER
287516690.1904,SHOCK
287516823.5238,SURPRISE
287517056.8571,DISCOMFORT
287517090.1904,SURPRISE
287517223.5238,SURPRISE or ANGER
287517456.8571,SHOCK
287517590.1904,FEAR
287517623.5238,SURPRISE or ANGER
287517856.8571,SHOCK
287517890.1904,SURPRISE
287517923.5238,SURPRISE
287518056.8571,SURPRISE or ANGER
287518090.1904,SHOCK
287518223.5238,SURPRISE
287518356.8571,FEAR
287518390.1904,SURPRISE or ANGER
287518523.5238,SHOCK
287518656.8571,DISCOMFORT
287518890.1904,FEAR
287519023.5238,SURPRISE or ANGER
287519156.8571,SHOCK
287519290.1904,SURPRISE
287519323.5238,DISCOMFORT
287519456.8571,FEAR
287519590.1904,SURPRISE or ANGER
287519723.5238,SHOCK
287519856.8571,SURPRISE
287519890.1904,SURPRISE or ANGER
287520123.5238,SHOCK
287520256.8571,SURPRISE
287520390.1904,SURPRISE
287520423.5238,SURPRISE or ANGER
287520656.8571,SHOCK
287520690.1904,SURPRISE
287520823.5238,SURPRISE
287520856.8571,SURPRISE or ANGER
287520990.1904,SHOCK
287521023.5238,SURPRISE
287521156.8571,DISCOMFORT
287521290.1904,SURPRISE
287521323.5238,SURPRISE or ANGER
287521456.8571,SHOCK
287521490.1904,DISCOMFORT
287521623.5238,SAD
287521656.8571,SURPRISE or ANGER
287521790.1904,SHOCK
287521823.5238,SURPRISE
287521956.8571,SAD
287522090.1904,SURPRISE or ANGER
287522123.5238,SHOCK
287522256.8571,SURPRISE
287522290.1904,DISCOMFORT
287522423.5238,SAD
287522556.8571,SURPRISE or ANGER
287522590.1904,SHOCK
287522623.5238,SURPRISE
287522756.8571,SAD
287522990.1904,SURPRISE or ANGER
287523023.5238,SHOCK
287523156.8571,DISCOMFORT
287523290.1904,SAD
287523423.5238,SURPRISE or ANGER
287523456.8571,SHOCK
287523590.1904,SURPRISE
287523723.5238,DISCOMFORT
287523856.8571,SAD
287523990.1904,SURPRISE or ANGER
287524123.5238,SHOCK
287524256.8571,DISCOMFORT
287524290.1904,FEAR
287524423.5238,SURPRISE or ANGER
287524556.8571,SHOCK
287524590.1904,SURPRISE
287524723.5238,DISCOMFORT
287524756.8571,SAD
287524990.1904,SURPRISE or ANGER
287525023.5238,SHOCK
287525056.8571,SURPRISE
287525190.1904,DISCOMFORT
287525323.5238,FEAR
287525456.8571,SURPRISE or ANGER
287525490.1904,SHOCK
287525623.5238,SURPRISE
287525656.8571,DISCOMFORT
287525790.1904,FEAR
287525823.5238,SURPRISE or ANGER
287525956.8571,SHOCK
287526090.1904,SURPRISE
287526223.5238,DISCOMFORT
287526256.8571,SAD
287526390.1904,SURPRISE or ANGER
287526423.5238,SHOCK
287526556.8571,SURPRISE
287526690.1904,DISCOMFORT
287526723.5238,SAD
287526856.8571,SURPRISE or ANGER
287526990.1904,SHOCK
287527023.5238,DISCOMFORT
287527156.8571,SAD
287527290.1904,SURPRISE or ANGER
287527323.5238,SHOCK
287527456.8571,SURPRISE
287527490.1904,DISCOMFORT
287527623.5238,SAD
287527756.8571,SURPRISE or ANGER
287527890.1904,SHOCK
287527923.5238,DISCOMFORT
287528056.8571,NEUTRAL
287528190.1904,SURPRISE or ANGER
287528323.5238,SHOCK
287528356.8571,SURPRISE
287528590.1904,NEUTRAL
287528623.5238,SURPRISE or ANGER
287530223.5238,SHOCK
287530290.1904,SURPRISE
287530423.5238,DISCOMFORT
287530556.8571,SAD
287530590.1904,SURPRISE or ANGER
287530723.5238,SHOCK
287530756.8571,SURPRISE
287530990.1904,DISCOMFORT
287531023.5238,SAD
287531056.8571,SURPRISE or ANGER
287531190.1904,SHOCK
287531323.5238,SURPRISE
287531456.8571,DISCOMFORT
287531490.1904,SAD
287531656.8571,SURPRISE or ANGER
287531790.1904,SHOCK
287531923.5238,SURPRISE
287532056.8571,SAD
287532190.1904,SURPRISE or ANGER
287532323.5238,SHOCK
287532556.8571,DISCOMFORT
287532590.1904,SAD
287532723.5238,SURPRISE or ANGER
287532756.8571,SHOCK
287532990.1904,DISCOMFORT
287533023.5238,SAD
287533056.8571,SURPRISE or ANGER
287533190.1904,SHOCK
287533223.5238,DISCOMFORT
287533456.8571,SAD
287533490.1904,SURPRISE or ANGER
287533623.5238,SHOCK
287533756.8571,DISCOMFORT
287533790.1904,ANGRY
287533823.5238,SURPRISE or ANGER
287533956.8571,SHOCK
287534190.1904,DISCOMFORT
287534223.5238,ANGRY
287534356.8571,SURPRISE or ANGER
287534390.1904,SHOCK
287534523.5238,SURPRISE
287534656.8571,NEUTRAL
287534690.1904,SURPRISE or ANGER
287534823.5238,SHOCK
287534956.8571,SURPRISE
287534990.1904,FEAR
287535123.5238,SURPRISE or ANGER
287535256.8571,SHOCK
287535390.1904,DISCOMFORT
287535423.5238,FEAR
287535556.8571,SURPRISE or ANGER
287535690.1904,SHOCK
287535723.5238,FEAR
287535856.8571,SURPRISE or ANGER
287535990.1904,SHOCK
287536123.5238,SURPRISE
287536256.8571,DISCOMFORT
287536290.1904,SURPRISE
287536423.5238,SURPRISE or ANGER
287536556.8571,SHOCK
287536690.1904,SURPRISE
287536723.5238,DISCOMFORT
287536856.8571,SURPRISE
287536990.1904,SURPRISE or ANGER
287537023.5238,SHOCK
287537156.8571,SURPRISE
287537290.1904,SURPRISE
287537323.5238,SURPRISE or ANGER
287537456.8571,SHOCK
287537490.1904,SURPRISE
287537623.5238,SURPRISE
287537756.8571,SURPRISE or ANGER
287537790.1904,SHOCK
287537923.5238,SURPRISE
287537956.8571,FEAR
287538190.1904,SURPRISE or ANGER
287538223.5238,SHOCK
287538356.8571,FEAR
287538390.1904,SURPRISE or ANGER
287538523.5238,SHOCK
287538656.8571,SURPRISE
287538690.1904,FEAR
287538823.5238,SURPRISE or ANGER
287538956.8571,SHOCK
287538990.1904,SURPRISE
287539023.5238,DISCOMFORT
287539156.8571,FEAR
287539290.1904,SURPRISE or ANGER
287539423.5238,SHOCK
287539456.8571,SURPRISE
287539690.1904,DISCOMFORT
287539723.5238,SAD
287539856.8571,SURPRISE or ANGER
287539990.1904,SHOCK
287540023.5238,SURPRISE
287540256.8571,DISCOMFORT
287540290.1904,FEAR
287540423.5238,SURPRISE or ANGER
287540656.8571,SHOCK
287540690.1904,NEUTRAL
287540823.5238,SURPRISE or ANGER
287540956.8571,SHOCK
287541090.1904,NEUTRAL
287541123.5238,SURPRISE or ANGER
287541256.8571,SHOCK
287541390.1904,SURPRISE
287541523.5238,DISCOMFORT
287541756.8571,NEUTRAL
287541790.1904,SURPRISE or ANGER
287541923.5238,SHOCK
287542056.8571,SURPRISE
287542190.1904,DISCOMFORT
287542323.5238,NEUTRAL
287542456.8571,SURPRISE or ANGER
287542590.1904,SHOCK
287542623.5238,SURPRISE
287542756.8571,DISCOMFORT
287542990.1904,SAD
287543023.5238,SURPRISE or ANGER
287543256.8571,SHOCK
287543390.1904,FEAR
287543523.5238,SURPRISE or ANGER
287543656.8571,SHOCK
287543790.1904,SURPRISE
287544023.5238,DISCOMFORT
287544056.8571,FEAR
287544290.1904,SURPRISE or ANGER
287544423.5238,SHOCK
287544456.8571,SURPRISE
287544690.1904,DISCOMFORT
287544723.5238,HAPPY
287544856.8571,SURPRISE or ANGER
287544990.1904,SHOCK
287545023.5238,SURPRISE
287545156.8571,DISCOMFORT
287545290.1904,SAD
287545423.5238,SURPRISE or ANGER
287545556.8571,SHOCK
287545690.1904,SURPRISE
287545823.5238,DISCOMFORT
287545956.8571,SAD
287546090.1904,SURPRISE or ANGER
287546223.5238,SHOCK
287546356.8571,SURPRISE
287546490.1904,DISCOMFORT
287546623.5238,SAD
287546756.8571,SURPRISE or ANGER
287546890.1904,SHOCK
287547023.5238,SURPRISE
287547156.8571,SAD
287547290.1904,SURPRISE or ANGER
287547423.5238,SHOCK
287547456.8571,SURPRISE
287547590.1904,DISCOMFORT
287547723.5238,SAD
287547856.8571,SURPRISE or ANGER
287547990.1904,SHOCK
287548123.5238,SURPRISE
287548256.8571,DISCOMFORT
287548490.1904,SAD
287548623.5238,SURPRISE or ANGER
287548756.8571,SHOCK
287548890.1904,SURPRISE
287548923.5238,DISCOMFORT
287549056.8571,SAD
287549190.1904,SURPRISE or ANGER
287549323.5238,SHOCK
287549456.8571,SAD
287549490.1904,SURPRISE or ANGER
287549723.5238,SHOCK
287549856.8571,SURPRISE
287549890.1904,DISCOMFORT
287550023.5238,SAD
287550156.8571,SURPRISE or ANGER
287550290.1904,SHOCK
287550423.5238,SURPRISE
287550556.8571,DISCOMFORT
287550690.1904,SAD
287550923.5238,SURPRISE or ANGER
287551056.8571,SHOCK
287551090.1904,DISCOMFORT
287551323.5238,SAD
287551456.8571,SURPRISE or ANGER
287551490.1904,SHOCK
287551623.5238,SURPRISE
287551756.8571,DISCOMFORT
287551790.1904,SAD
287551923.5238,SURPRISE or ANGER
287551956.8571,SHOCK
287552190.1904,SURPRISE
287552223.5238,SAD
287552356.8571,SURPRISE or ANGER
287552490.1904,SHOCK
287552623.5238,SURPRISE
287552756.8571,SAD
287552890.1904,SURPRISE or ANGER
287553023.5238,SHOCK
287553156.8571,SURPRISE
287553290.1904,DISCOMFORT
287553323.5238,SAD
287553456.8571,SURPRISE or ANGER
287553490.1904,SHOCK
287553723.5238,SURPRISE
287553756.8571,DISCOMFORT
287553890.1904,SAD
287554023.5238,SURPRISE or ANGER
287554156.8571,SHOCK
287554290.1904,DISCOMFORT
287554523.5238,SAD
287554656.8571,SURPRISE or ANGER
287554690.1904,SHOCK
287554923.5238,SURPRISE
287555056.8571,DISCOMFORT
287555090.1904,SAD
287555223.5238,SURPRISE or ANGER
287555256.8571,SHOCK
287555390.1904,SURPRISE
287555423.5238,DISCOMFORT
287555556.8571,SAD
287555690.1904,SURPRISE or ANGER
287555823.5238,SHOCK
287555856.8571,SURPRISE
287555990.1904,SAD
287556123.5238,SURPRISE or ANGER
287556156.8571,SHOCK
287556290.1904,SURPRISE
287556323.5238,DISCOMFORT
287556456.8571,SAD
287556590.1904,SURPRISE or ANGER
287556623.5238,SHOCK
287556756.8571,SURPRISE
287556890.1904,DISCOMFORT
287557023.5238,SAD
287557156.8571,SURPRISE or ANGER
287557190.1904,SHOCK
287557323.5238,SURPRISE
287557556.8571,DISCOMFORT
287557590.1904,FEAR
287557723.5238,SURPRISE or ANGER
287557856.8571,SHOCK
287557990.1904,SURPRISE
287558123.5238,HAPPY
287558156.8571,SURPRISE or ANGER
287558290.1904,SHOCK
287558323.5238,HAPPY
287558456.8571,SURPRISE or ANGER
287558590.1904,SHOCK
287558623.5238,SURPRISE
287558756.8571,FEAR
287558890.1904,SURPRISE or ANGER
287558923.5238,SHOCK
287559056.8571,DISCOMFORT
287559090.1904,FEAR
287559323.5238,SURPRISE or ANGER
287559356.8571,SHOCK
287559390.1904,DISCOMFORT
287559523.5238,SAD
287559556.8571,SURPRISE or ANGER
287559790.1904,SHOCK
287559823.5238,SURPRISE
287559956.8571,DISCOMFORT
287559990.1904,NEUTRAL
287560123.5238,SURPRISE or ANGER
287560256.8571,SHOCK
287560290.1904,SURPRISE
287560423.5238,NEUTRAL
287560456.8571,SURPRISE or ANGER
287560590.1904,SHOCK
287560623.5238,SURPRISE
287560756.8571,DISCOMFORT
287560890.1904,NEUTRAL
287560923.5238,SURPRISE or ANGER
287561056.8571,SHOCK
287561190.1904,SURPRISE
287561323.5238,NEUTRAL
287561456.8571,SURPRISE or ANGER
287561490.1904,SHOCK
287561723.5238,SURPRISE
287561756.8571,DISCOMFORT
287561890.1904,SAD
287562023.5238,SURPRISE or ANGER
287562156.8571,SHOCK
287562290.1904,SAD
287562523.5238,SURPRISE or ANGER
287562656.8571,SHOCK
287562690.1904,SURPRISE
287562923.5238,DISCOMFORT
287563056.8571,SAD
287563090.1904,SURPRISE or ANGER
287563323.5238,SHOCK
287563456.8571,SAD
287563490.1904,SURPRISE or ANGER
287563723.5238,SHOCK
287563856.8571,SURPRISE
287563890.1904,DISCOMFORT
287564123.5238,SAD
287564256.8571,SURPRISE or ANGER
287564290.1904,SHOCK
287564523.5238,DISCOMFORT
287564656.8571,SAD
287564690.1904,SURPRISE or ANGER
287564923.5238,SHOCK
287564956.8571,SURPRISE
287565090.1904,DISCOMFORT
287565323.5238,SAD
287565456.8571,SURPRISE or ANGER
287565490.1904,SHOCK
287565623.5238,SURPRISE
287565756.8571,DISCOMFORT
287565890.1904,SAD
287566023.5238,SURPRISE or ANGER
287566156.8571,SHOCK
287566290.1904,SURPRISE
287566323.5238,DISCOMFORT
287566456.8571,NEUTRAL
287566590.1904,SURPRISE or ANGER
287566723.5238,SHOCK
287566856.8571,DISCOMFORT
287566990.1904,SAD
287567023.5238,SURPRISE or ANGER
287567156.8571,SHOCK
287567190.1904,SURPRISE
287567323.5238,SAD
287567456.8571,SURPRISE or ANGER
287567490.1904,SHOCK
287567623.5238,SURPRISE
287567756.8571,DISCOMFORT
287567790.1904,SAD
287567923.5238,SURPRISE or ANGER
287568056.8571,SHOCK
287568090.1904,SURPRISE
287568223.5238,SAD
287568256.8571,SURPRISE or ANGER
287568390.1904,SHOCK
287568523.5238,SURPRISE
287568656.8571,SAD
287568690.1904,SURPRISE or ANGER
287568823.5238,SHOCK
287568856.8571,SURPRISE
287568990.1904,DISCOMFORT
287569123.5238,SAD
287569256.8571,SURPRISE or ANGER
287569290.1904,SHOCK
287569423.5238,SURPRISE
287569456.8571,DISCOMFORT
287569590.1904,SAD
287569723.5238,SURPRISE or ANGER
287569756.8571,SHOCK
287569890.1904,SURPRISE
287569923.5238,DISCOMFORT
287570056.8571,SAD
287570090.1904,SURPRISE or ANGER
287570223.5238,SHOCK
287570256.8571,SURPRISE
287570390.1904,DISCOMFORT
287570523.5238,SAD
287570656.8571,SURPRISE or ANGER
287570790.1904,SHOCK
287570923.5238,DISCOMFORT
287571056.8571,SAD
287571090.1904,SURPRISE or ANGER
287571323.5238,SHOCK
287571356.8571,SURPRISE
287571490.1904,DISCOMFORT
287571523.5238,SAD
287571656.8571,SURPRISE or ANGER
287571790.1904,SHOCK
287571823.5238,SAD
287571956.8571,SURPRISE or ANGER
287571990.1904,SHOCK
287572123.5238,SURPRISE
287572256.8571,DISCOMFORT
287572290.1904,SAD
287572323.5238,SURPRISE or ANGER
287572456.8571,SHOCK
287572590.1904,DISCOMFORT
287572623.5238,SAD
287572756.8571,SURPRISE or ANGER
287572790.1904,SHOCK
287572923.5238,SURPRISE
287573056.8571,DISCOMFORT
287573090.1904,SAD
287573223.5238,SURPRISE or ANGER
287573356.8571,SHOCK
287573490.1904,DISCOMFORT
287573623.5238,SURPRISE
287573756.8571,SURPRISE or ANGER
287573790.1904,SHOCK
287573923.5238,SURPRISE
287574056.8571,DISCOMFORT
287574190.1904,SURPRISE
287574223.5238,SURPRISE or ANGER
287574456.8571,SHOCK
287574490.1904,SURPRISE
287574623.5238,DISCOMFORT
287574856.8571,NEUTRAL
287574990.1904,SURPRISE or ANGER
287575023.5238,SHOCK
287575156.8571,SURPRISE
287575190.1904,DISCOMFORT
287575323.5238,SURPRISE
287575456.8571,SURPRISE or ANGER
287575490.1904,SHOCK
287575623.5238,SURPRISE
287575856.8571,DISCOMFORT
287575890.1904,SAD
287576123.5238,SURPRISE or ANGER
287576256.8571,SHOCK
287576290.1904,SURPRISE
287576423.5238,DISCOMFORT
287576556.8571,SURPRISE
287576690.1904,SURPRISE or ANGER
287576723.5238,SHOCK
287576856.8571,SURPRISE
287576990.1904,DISCOMFORT
287577023.5238,SURPRISE
287577156.8571,SURPRISE or ANGER
287577290.1904,SHOCK
287577323.5238,SURPRISE
287577456.8571,SURPRISE
287577490.1904,SURPRISE or ANGER
287577623.5238,SHOCK
287577756.8571,SURPRISE
287577890.1904,DISCOMFORT
287578023.5238,SURPRISE
287578156.8571,SURPRISE or ANGER
287578190.1904,SHOCK
287578323.5238,SURPRISE
287578456.8571,DISCOMFORT
287578590.1904,SURPRISE
287578623.5238,SURPRISE or ANGER
287578856.8571,SHOCK
287578990.1904,SURPRISE
287579023.5238,DISCOMFORT
287579256.8571,SURPRISE
287579290.1904,SURPRISE or ANGER
287579423.5238,SHOCK
287579456.8571,SURPRISE
287579590.1904,DISCOMFORT
287579723.5238,SURPRISE
287579756.8571,SURPRISE or ANGER
287579890.1904,SHOCK
287579923.5238,SURPRISE
287580056.8571,DISCOMFORT
287580190.1904,SURPRISE
287580223.5238,SURPRISE or ANGER
287580456.8571,SHOCK
287580490.1904,DISCOMFORT
287580623.5238,SURPRISE
287580756.8571,SURPRISE or ANGER
287580890.1904,SHOCK
287580923.5238,SURPRISE
287581056.8571,DISCOMFORT
287581190.1904,SURPRISE
287581323.5238,SURPRISE or ANGER
287581556.8571,SHOCK
287581690.1904,SURPRISE
287581823.5238,DISCOMFORT
287581956.8571,SURPRISE
287582090.1904,SURPRISE or ANGER
287582223.5238,SHOCK
287582256.8571,DISCOMFORT
287582390.1904,SAD
287582523.5238,SURPRISE or ANGER
287582656.8571,SHOCK
287582790.1904,SURPRISE
287582923.5238,DISCOMFORT
287583056.8571,ANGRY
287583090.1904,SURPRISE or ANGER
287583323.5238,SHOCK
287583356.8571,SURPRISE
287583490.1904,DISCOMFORT
287583623.5238,FEAR
287583656.8571,SURPRISE or ANGER
287583790.1904,SHOCK
287583923.5238,SURPRISE
287584056.8571,DISCOMFORT
287584190.1904,FEAR
287584323.5238,SURPRISE or ANGER
287584456.8571,SHOCK
287584490.1904,SURPRISE
287584623.5238,SAD
287584756.8571,SURPRISE or ANGER
287584790.1904,SHOCK
287584923.5238,SURPRISE
287584956.8571,DISCOMFORT
287585090.1904,SAD
287585223.5238,SURPRISE or ANGER
287585256.8571,SHOCK
287585390.1904,SURPRISE
287585523.5238,DISCOMFORT
287585656.8571,SAD
287585690.1904,SURPRISE or ANGER
287585823.5238,SHOCK
287585956.8571,SURPRISE
287586090.1904,DISCOMFORT
287586123.5238,ANGRY
287586256.8571,SURPRISE or ANGER
287586290.1904,SHOCK
287586423.5238,SURPRISE
287586656.8571,DISCOMFORT
287586790.1904,ANGRY
287586923.5238,SURPRISE or ANGER
287586956.8571,SHOCK
287587090.1904,DISCOMFORT
287587123.5238,ANGRY
287587256.8571,SURPRISE or ANGER
287587390.1904,SHOCK
287587423.5238,SURPRISE
287587556.8571,DISCOMFORT
287587690.1904,ANGRY
287587723.5238,SURPRISE or ANGER
287587856.8571,SHOCK
287587890.1904,DISCOMFORT
287588123.5238,ANGRY
287588156.8571,SURPRISE or ANGER
287588290.1904,SHOCK
287588323.5238,SURPRISE
287588456.8571,ANGRY
287588590.1904,SURPRISE or ANGER
287588623.5238,SHOCK
287588756.8571,SURPRISE
287588790.1904,DISCOMFORT
287588923.5238,ANGRY
287589056.8571,SURPRISE or ANGER
287589090.1904,SHOCK
287589123.5238,SURPRISE
287589256.8571,DISCOMFORT
287589390.1904,ANGRY
287589423.5238,SURPRISE or ANGER
287589456.8571,SHOCK
287589490.1904,ANGRY
287589723.5238,SURPRISE or ANGER
287589856.8571,SHOCK
287589890.1904,SURPRISE
287590123.5238,DISCOMFORT
287590256.8571,SAD
287590290.1904,SURPRISE or ANGER
287590523.5238,SHOCK
287590656.8571,DISCOMFORT
287590790.1904,SAD
287590923.5238,SURPRISE or ANGER
287591056.8571,SHOCK
287591290.1904,DISCOMFORT
287591423.5238,SAD
287591556.8571,SURPRISE or ANGER
287591690.1904,SHOCK
287591823.5238,SURPRISE
287592056.8571,DISCOMFORT
287592190.1904,SAD
287592223.5238,SURPRISE or ANGER
